{"cameraMode":{"drawMode":0,"name":"Shaded","section":"Shading Mode"},"sceneLighting":false,"audioPlay":false,"sceneViewState":{"m_AlwaysRefresh":false,"showFog":true,"showSkybox":false,"showFlares":true,"showImageEffects":true,"showParticleSystems":true,"showVisualEffectGraphs":true,"m_FxEnabled":true},"in2DMode":false,"pivot":{"x":502.739990234375,"y":2.4100000858306886,"z":599.7874755859375},"rotation":{"x":-0.0005770263960584998,"y":-0.9705470204353333,"z":0.240915447473526,"w":-0.0023234370164573194},"size":1.7320507764816285,"orthographic":false}